scenario,runs,mean_return_pct,min_return_pct,max_return_pct,mean_edge_vs_buy_hold_pct,mean_max_drawdown_pct,mean_trades,mean_win_rate_pct,mean_profit_factor
hard,5,1.6624730317580816,1.6402096868699003,1.6776337984079306,-14.468521696576426,-8.81665013867418,77.0,44.41558441558441,1.2420370401700869
medium,5,5.984358884268964,5.970233684220353,5.992074925006159,-10.146635844065543,-7.9299499751737175,77.0,45.71428571428571,1.306574468134273
normal,5,10.182985772360935,10.180333575923738,10.1869339559149,-5.948008955973572,-7.548537782262376,77.0,46.75324675324675,1.3685219648080453
very_hard,5,-6.690795945689011,-6.714730303801628,-6.682371377220443,-22.821790674023514,-11.869359574305282,77.0,44.15584415584416,1.1234808456317893
