scenario,runs,mean_return_pct,min_return_pct,max_return_pct,mean_edge_vs_buy_hold_pct,mean_max_drawdown_pct,mean_trades,mean_win_rate_pct,mean_profit_factor
hard,5,24.943997932984022,24.634989039906987,26.180033505291934,-2.111648080041846,-5.7670072091812585,36.8,59.78978978978979,2.5084252777659253
medium,5,28.21160926928163,28.211609269281507,28.211609269281755,1.1559632562557625,-5.5368603788665425,36.0,61.11111111111111,2.720085791293245
normal,5,30.293185033271367,30.293185033271314,30.293185033271424,3.237539020245503,-5.320100749800211,36.0,61.11111111111111,2.8004864746947513
very_hard,5,18.964638492420963,18.96463849242084,18.964638492421024,-8.091007520604904,-6.2355407373253176,38.0,57.894736842105274,2.179520776249195
