scenario,week4_return_pct,week5_return_pct,diff_week5_minus_week4_return_pct,week4_edge_vs_bh_pct,week5_edge_vs_bh_pct,diff_edge_pct,week4_drawdown_pct,week5_drawdown_pct,week4_trades,week5_trades,week4_win_rate_pct,week5_win_rate_pct,week4_profit_factor,week5_profit_factor
hard,24.943997932984026,1.6624730317580816,-23.281524901225943,-2.111648080041853,-14.468521696576426,-12.356873616534573,-5.7670072091812585,-8.81665013867418,36.8,77.0,59.78978978978979,44.41558441558441,2.5084252777659253,1.2420370401700869
medium,28.21160926928163,5.984358884268964,-22.227250385012667,1.1559632562557554,-10.146635844065544,-11.3025991003213,-5.536860378866543,-7.929949975173717,36.0,77.0,61.11111111111111,45.71428571428571,2.720085791293245,1.306574468134273
normal,30.293185033271367,10.182985772360936,-20.11019926091043,3.237539020245496,-5.948008955973572,-9.185547976219068,-5.320100749800211,-7.548537782262376,36.0,77.0,61.11111111111111,46.75324675324675,2.8004864746947518,1.368521964808045
very_hard,18.964638492420967,-6.690795945689011,-25.655434438109978,-8.09100752060491,-22.821790674023514,-14.730783153418605,-6.2355407373253176,-11.869359574305282,38.0,77.0,57.89473684210528,44.15584415584416,2.1795207762491957,1.1234808456317893
